{"cameraMode":{"drawMode":2,"name":"Shaded Wireframe","section":"Shading Mode"},"sceneLighting":false,"audioPlay":false,"sceneViewState":{"showFog":true,"showMaterialUpdate":false,"showSkybox":true,"showFlares":true,"showImageEffects":true,"showParticleSystems":true},"in2DMode":false,"pivot":{"x":57.1231575012207,"y":20.413190841674806,"z":-1.495158076286316},"rotation":{"x":-0.24609562754631043,"y":0.33477818965911868,"z":-0.0910467728972435,"w":-0.9050536751747131},"size":35.07046127319336,"orthographic":false}