{"cameraMode":{"drawMode":2,"name":"Shaded Wireframe","section":"Shading Mode"},"sceneLighting":false,"audioPlay":false,"sceneViewState":{"showFog":true,"showMaterialUpdate":false,"showSkybox":true,"showFlares":true,"showImageEffects":true,"showParticleSystems":true},"in2DMode":false,"pivot":{"x":0.19105768203735352,"y":4.674870491027832,"z":-0.3638439178466797},"rotation":{"x":0.08246714621782303,"y":0.8659927248954773,"z":-0.4691655933856964,"w":0.15222148597240449},"size":26.18808937072754,"orthographic":false}