{"cameraMode":{"drawMode":2,"name":"Shaded Wireframe","section":"Shading Mode"},"sceneLighting":false,"audioPlay":false,"sceneViewState":{"showFog":true,"showMaterialUpdate":false,"showSkybox":true,"showFlares":true,"showImageEffects":true,"showParticleSystems":true},"in2DMode":false,"pivot":{"x":0.7193808555603027,"y":0.2735709249973297,"z":4.197055339813232},"rotation":{"x":0.015612384304404259,"y":0.984420120716095,"z":-0.12319561094045639,"w":0.12469474226236344},"size":22.0,"orthographic":false}