{"cameraMode":{"drawMode":2,"name":"Shaded Wireframe","section":"Shading Mode"},"sceneLighting":false,"audioPlay":false,"sceneViewState":{"showFog":true,"showMaterialUpdate":false,"showSkybox":true,"showFlares":true,"showImageEffects":true,"showParticleSystems":true},"in2DMode":false,"pivot":{"x":0.1545124053955078,"y":0.8033024072647095,"z":0.0030357837677001955},"rotation":{"x":-0.07425542920827866,"y":-0.8979449272155762,"z":0.16648231446743012,"w":-0.40068650245666506},"size":6.160863876342773,"orthographic":false}