{"cameraMode":{"drawMode":2,"name":"Shaded Wireframe","section":"Shading Mode"},"sceneLighting":false,"audioPlay":false,"sceneViewState":{"showFog":true,"showMaterialUpdate":false,"showSkybox":true,"showFlares":true,"showImageEffects":true,"showParticleSystems":true},"in2DMode":false,"pivot":{"x":-41.87007522583008,"y":6.821553707122803,"z":-23.55730628967285},"rotation":{"x":-0.14506570994853974,"y":-0.8352534174919128,"z":0.4606436491012573,"w":-0.2630120813846588},"size":5.321832656860352,"orthographic":false}