{"cameraMode":{"drawMode":2,"name":"Shaded Wireframe","section":"Shading Mode"},"sceneLighting":false,"audioPlay":false,"sceneViewState":{"showFog":true,"showMaterialUpdate":false,"showSkybox":true,"showFlares":true,"showImageEffects":true,"showParticleSystems":true},"in2DMode":false,"pivot":{"x":24.806297302246095,"y":3.971133232116699,"z":40.01860046386719},"rotation":{"x":0.09841074794530869,"y":0.6583454012870789,"z":-0.08740078657865524,"w":0.7411509156227112},"size":2.705707311630249,"orthographic":false}