{"cameraMode":{"drawMode":2,"name":"Shaded Wireframe","section":"Shading Mode"},"sceneLighting":false,"audioPlay":false,"sceneViewState":{"showFog":true,"showMaterialUpdate":false,"showSkybox":true,"showFlares":true,"showImageEffects":true,"showParticleSystems":true},"in2DMode":false,"pivot":{"x":-5.446700096130371,"y":-17.314197540283204,"z":23.510438919067384},"rotation":{"x":0.08246714621782303,"y":0.8659927248954773,"z":-0.4691655933856964,"w":0.15222148597240449},"size":28.41562271118164,"orthographic":false}