{"cameraMode":{"drawMode":0,"name":"Shaded","section":"Shading Mode"},"sceneLighting":false,"audioPlay":false,"sceneViewState":{"showFog":true,"showMaterialUpdate":false,"showSkybox":true,"showFlares":true,"showImageEffects":true,"showParticleSystems":true},"in2DMode":false,"pivot":{"x":1.4901161193847657e-8,"y":0.2756418287754059,"z":0.007562965154647827},"rotation":{"x":-0.30650287866592409,"y":-0.5781438946723938,"z":0.24806144833564759,"w":-0.7143486738204956},"size":1.270668625831604,"orthographic":false}