{"cameraMode":{"drawMode":2,"name":"Shaded Wireframe","section":"Shading Mode"},"sceneLighting":true,"audioPlay":false,"sceneViewState":{"showFog":true,"showMaterialUpdate":false,"showSkybox":true,"showFlares":true,"showImageEffects":true,"showParticleSystems":true},"in2DMode":false,"pivot":{"x":0.9620871543884277,"y":7.190101623535156,"z":5.252423286437988},"rotation":{"x":-0.13332849740982057,"y":0.6204506754875183,"z":-0.10810769349336624,"w":-0.7652739882469177},"size":2.9920973777770998,"orthographic":false}