{"cameraMode":{"drawMode":2,"name":"Shaded Wireframe","section":"Shading Mode"},"sceneLighting":false,"audioPlay":false,"sceneViewState":{"showFog":true,"showMaterialUpdate":false,"showSkybox":true,"showFlares":true,"showImageEffects":true,"showParticleSystems":true},"in2DMode":false,"pivot":{"x":0.6428723335266113,"y":2.273557186126709,"z":5.483794212341309},"rotation":{"x":0.023131676018238069,"y":0.6364907026290894,"z":-0.019095489755272867,"w":0.7707242369651794},"size":2.705704689025879,"orthographic":false}